"userid","ticketid","product"
"UID00001","TCK0001","Chocolate Carlos V"
"UID00001","TCK0001","Heineken"
"UID00001","TCK0001","Trident Menta"
"UID00001","TCK0002","Americano Andatti"
"UID00001","TCK0002","Galletas Emperador"
"UID00001","TCK0002","Cerveza Victoria"
"UID00001","TCK0003","Mazapan"
"UID00001","TCK0003","Gatorade"
"UID00001","TCK0004","Americano Andatti"
"UID00001","TCK0004","Galletas Emperador"
"UID00001","TCK0004","Ruffles Queso"
"UID00001","TCK0005","Agua Ciel"
"UID00001","TCK0005","Galletas Emperador"
"UID00001","TCK0005","Takis Fuego"
"UID00001","TCK0006","Gatorade"
"UID00001","TCK0006","Aceite la Posada"
"UID00001","TCK0006","Americano Andatti"
"UID00001","TCK0007","Galletas Emperador"
"UID00001","TCK0007","Chanclas OXXO"
"UID00001","TCK0007","Capuccino Andatti"
"UID00001","TCK0008","Marlboro Rojos"
"UID00001","TCK0008","Ruffles Queso"
"UID00001","TCK0008","Capuccino Andatti"
"UID00001","TCK0009","Sprite"
"UID00001","TCK0009","Marlboro Rojos"
"UID00001","TCK0010","Coca Cola"
"UID00001","TCK0010","Trident Menta"
"UID00001","TCK0010","Aceite la Posada"
"UID00001","TCK0011","Heineken"
"UID00001","TCK0011","Gatorade"
"UID00001","TCK0012","Coca Cola"
"UID00001","TCK0013","Marlboro Rojos"
"UID00001","TCK0013","Aceite la Posada"
"UID00001","TCK0013","Galletas Oreo"
"UID00001","TCK0014","Cerveza Victoria"
"UID00001","TCK0015","Galletas Emperador"
"UID00001","TCK0015","Capuccino Andatti"
"UID00001","TCK0015","Americano Andatti"
"UID00001","TCK0016","Trident Menta"
"UID00002","TCK0017","Capuccino Andatti"
"UID00002","TCK0017","Galletas Oreo"
"UID00002","TCK0017","Americano Andatti"
"UID00002","TCK0018","Ruffles Queso"
"UID00002","TCK0018","Agua Ciel"
"UID00002","TCK0019","Capuccino Andatti"
"UID00002","TCK0019","Gatorade"
"UID00002","TCK0020","Agua Ciel"
"UID00002","TCK0020","Chocolate Carlos V"
"UID00002","TCK0020","Galletas Emperador"
"UID00002","TCK0021","Gatorade"
"UID00002","TCK0021","Galletas Emperador"
"UID00002","TCK0022","Takis Fuego"
"UID00002","TCK0023","Coca Cola"
"UID00002","TCK0023","Capuccino Andatti"
"UID00003","TCK0024","Chocolate Carlos V"
"UID00003","TCK0024","Galletas Oreo"
"UID00003","TCK0025","Mazapan"
"UID00003","TCK0025","Sprite"
"UID00003","TCK0026","Gatorade"
"UID00003","TCK0026","Takis Fuego"
"UID00003","TCK0026","Americano Andatti"
"UID00003","TCK0027","Agua Ciel"
"UID00003","TCK0027","Trident Menta"
"UID00003","TCK0027","Coca Cola"
"UID00003","TCK0028","Galletas Oreo"
"UID00003","TCK0028","Aceite la Posada"
"UID00003","TCK0028","Heineken"
"UID00004","TCK0029","Mazapan"
"UID00004","TCK0030","Trident Menta"
"UID00004","TCK0031","Agua Ciel"
"UID00004","TCK0031","Tecate Roja"
"UID00004","TCK0031","Chanclas OXXO"
"UID00004","TCK0032","Chanclas OXXO"
"UID00004","TCK0032","Galletas Oreo"
"UID00004","TCK0033","Coca Cola"
"UID00004","TCK0033","Marlboro Rojos"
"UID00004","TCK0034","Sprite"
"UID00004","TCK0034","Cerveza Victoria"
"UID00004","TCK0035","Coca Cola"
"UID00004","TCK0035","Capuccino Andatti"
"UID00004","TCK0035","Galletas Emperador"
"UID00004","TCK0036","Ruffles Queso"
"UID00004","TCK0036","Tecate Roja"
"UID00004","TCK0037","Galletas Oreo"
"UID00005","TCK0038","Aceite la Posada"
"UID00005","TCK0038","Heineken"
"UID00005","TCK0038","Chanclas OXXO"
"UID00005","TCK0039","Chocolate Crunch"
"UID00005","TCK0040","Americano Andatti"
"UID00005","TCK0040","Galletas Emperador"
"UID00005","TCK0040","Cerveza Victoria"
"UID00005","TCK0041","Chanclas OXXO"
"UID00005","TCK0041","Mazapan"
"UID00005","TCK0041","Marlboro Rojos"
"UID00005","TCK0042","Trident Menta"
"UID00005","TCK0043","Trident Menta"
"UID00005","TCK0043","Marlboro Rojos"
"UID00005","TCK0043","Tecate Roja"
"UID00005","TCK0044","Gatorade"
"UID00005","TCK0044","Coca Cola"
"UID00005","TCK0044","Chocolate Crunch"
"UID00005","TCK0045","Tecate Roja"
"UID00005","TCK0045","Galletas Emperador"
"UID00005","TCK0046","Galletas Emperador"
"UID00005","TCK0046","Sprite"
"UID00005","TCK0046","Marlboro Rojos"
"UID00005","TCK0047","Aceite la Posada"
"UID00005","TCK0048","Chocolate Crunch"
"UID00005","TCK0048","Heineken"
"UID00005","TCK0048","Ruffles Queso"
"UID00005","TCK0049","Ruffles Queso"
"UID00005","TCK0049","Heineken"
"UID00005","TCK0049","Chanclas OXXO"
"UID00005","TCK0050","Agua Ciel"
"UID00005","TCK0051","Chocolate Crunch"
"UID00005","TCK0051","Galletas Oreo"
"UID00005","TCK0052","Tecate Roja"
"UID00005","TCK0052","Sprite"
"UID00006","TCK0053","Trident Menta"
"UID00006","TCK0054","Chocolate Crunch"
"UID00006","TCK0054","Aceite la Posada"
"UID00006","TCK0055","Ruffles Queso"
"UID00006","TCK0055","Takis Fuego"
"UID00006","TCK0055","Chocolate Crunch"
"UID00006","TCK0056","Agua Ciel"
"UID00006","TCK0056","Chocolate Crunch"
"UID00006","TCK0057","Tecate Roja"
"UID00006","TCK0058","Chocolate Crunch"
"UID00006","TCK0059","Gatorade"
"UID00006","TCK0060","Cerveza Victoria"
"UID00006","TCK0061","Marlboro Rojos"
"UID00006","TCK0062","Chanclas OXXO"
"UID00007","TCK0063","Takis Fuego"
"UID00007","TCK0063","Mazapan"
"UID00007","TCK0063","Sprite"
"UID00007","TCK0064","Marlboro Rojos"
"UID00007","TCK0065","Galletas Oreo"
"UID00007","TCK0065","Galletas Emperador"
"UID00007","TCK0066","Coca Cola"
"UID00007","TCK0066","Agua Ciel"
"UID00007","TCK0066","Chocolate Crunch"
"UID00007","TCK0067","Heineken"
"UID00007","TCK0067","Galletas Emperador"
"UID00007","TCK0067","Chocolate Crunch"
"UID00007","TCK0068","Gatorade"
"UID00007","TCK0069","Capuccino Andatti"
"UID00007","TCK0069","Galletas Emperador"
"UID00007","TCK0070","Galletas Emperador"
"UID00007","TCK0070","Heineken"
"UID00007","TCK0071","Ruffles Queso"
"UID00008","TCK0072","Agua Ciel"
"UID00008","TCK0072","Sprite"
"UID00008","TCK0073","Tecate Roja"
"UID00008","TCK0073","Chanclas OXXO"
"UID00008","TCK0073","Coca Cola"
"UID00008","TCK0074","Capuccino Andatti"
"UID00008","TCK0074","Marlboro Rojos"
"UID00008","TCK0074","Tecate Roja"
"UID00008","TCK0075","Marlboro Rojos"
"UID00008","TCK0075","Trident Menta"
"UID00008","TCK0076","Sprite"
"UID00008","TCK0076","Aceite la Posada"
"UID00008","TCK0076","Cerveza Victoria"
"UID00008","TCK0077","Sprite"
"UID00008","TCK0078","Mazapan"
"UID00008","TCK0078","Galletas Emperador"
"UID00008","TCK0078","Coca Cola"
"UID00008","TCK0079","Americano Andatti"
"UID00008","TCK0080","Sprite"
"UID00008","TCK0080","Gatorade"
"UID00008","TCK0081","Aceite la Posada"
"UID00008","TCK0082","Cerveza Victoria"
"UID00008","TCK0082","Mazapan"
"UID00008","TCK0082","Ruffles Queso"
"UID00008","TCK0083","Galletas Oreo"
"UID00008","TCK0083","Coca Cola"
"UID00008","TCK0084","Tecate Roja"
"UID00008","TCK0084","Gatorade"
"UID00008","TCK0084","Galletas Emperador"
"UID00009","TCK0085","Ruffles Queso"
"UID00009","TCK0086","Americano Andatti"
"UID00009","TCK0087","Aceite la Posada"
"UID00009","TCK0087","Sprite"
"UID00009","TCK0088","Mazapan"
"UID00009","TCK0088","Agua Ciel"
"UID00009","TCK0088","Galletas Oreo"
"UID00009","TCK0089","Tecate Roja"
"UID00009","TCK0089","Coca Cola"
"UID00009","TCK0090","Takis Fuego"
"UID00009","TCK0090","Heineken"
"UID00009","TCK0090","Chanclas OXXO"
"UID00009","TCK0091","Galletas Oreo"
"UID00009","TCK0091","Chanclas OXXO"
"UID00009","TCK0092","Agua Ciel"
"UID00009","TCK0092","Sprite"
"UID00009","TCK0092","Aceite la Posada"
"UID00009","TCK0093","Capuccino Andatti"
"UID00009","TCK0093","Ruffles Queso"
"UID00009","TCK0093","Cerveza Victoria"
"UID00009","TCK0094","Heineken"
"UID00009","TCK0095","Ruffles Queso"
"UID00009","TCK0096","Chocolate Carlos V"
"UID00009","TCK0096","Galletas Oreo"
"UID00009","TCK0097","Sprite"
"UID00009","TCK0097","Agua Ciel"
"UID00009","TCK0098","Coca Cola"
"UID00009","TCK0099","Heineken"
"UID00009","TCK0100","Sprite"
"UID00009","TCK0100","Chanclas OXXO"
"UID00009","TCK0100","Chocolate Carlos V"
"UID00009","TCK0101","Gatorade"
"UID00009","TCK0101","Cerveza Victoria"
"UID00009","TCK0101","Mazapan"
"UID00009","TCK0102","Cerveza Victoria"
"UID00009","TCK0103","Agua Ciel"
"UID00010","TCK0104","Tecate Roja"
"UID00010","TCK0105","Chocolate Crunch"
"UID00010","TCK0105","Ruffles Queso"
"UID00010","TCK0105","Agua Ciel"
"UID00010","TCK0106","Galletas Emperador"
"UID00010","TCK0106","Tecate Roja"
"UID00010","TCK0106","Takis Fuego"
"UID00010","TCK0107","Marlboro Rojos"
"UID00010","TCK0107","Gatorade"
"UID00010","TCK0108","Marlboro Rojos"
"UID00010","TCK0108","Chocolate Carlos V"
"UID00010","TCK0108","Ruffles Queso"
"UID00010","TCK0109","Sprite"
"UID00010","TCK0110","Chocolate Carlos V"
"UID00010","TCK0110","Ruffles Queso"
"UID00010","TCK0110","Mazapan"
"UID00010","TCK0111","Gatorade"
"UID00010","TCK0112","Mazapan"
"UID00010","TCK0112","Marlboro Rojos"
"UID00010","TCK0113","Mazapan"
"UID00010","TCK0113","Chanclas OXXO"
"UID00010","TCK0113","Chocolate Carlos V"
"UID00010","TCK0114","Gatorade"
"UID00010","TCK0114","Marlboro Rojos"
"UID00010","TCK0114","Sprite"
"UID00010","TCK0115","Marlboro Rojos"
"UID00010","TCK0115","Mazapan"
"UID00010","TCK0115","Coca Cola"
"UID00011","TCK0116","Gatorade"
"UID00011","TCK0116","Tecate Roja"
"UID00011","TCK0116","Ruffles Queso"
"UID00011","TCK0117","Agua Ciel"
"UID00011","TCK0118","Galletas Emperador"
"UID00011","TCK0119","Cerveza Victoria"
"UID00011","TCK0119","Americano Andatti"
"UID00011","TCK0120","Aceite la Posada"
"UID00011","TCK0120","Chanclas OXXO"
"UID00011","TCK0121","Heineken"
"UID00011","TCK0122","Sprite"
"UID00011","TCK0123","Chocolate Carlos V"
"UID00011","TCK0123","Galletas Emperador"
"UID00011","TCK0123","Agua Ciel"
"UID00011","TCK0124","Gatorade"
"UID00011","TCK0124","Cerveza Victoria"
"UID00011","TCK0124","Chanclas OXXO"
"UID00011","TCK0125","Takis Fuego"
"UID00011","TCK0125","Ruffles Queso"
"UID00011","TCK0125","Sprite"
"UID00011","TCK0126","Ruffles Queso"
"UID00011","TCK0126","Coca Cola"
"UID00011","TCK0127","Gatorade"
"UID00011","TCK0127","Heineken"
"UID00011","TCK0127","Trident Menta"
"UID00012","TCK0128","Galletas Oreo"
"UID00012","TCK0129","Americano Andatti"
"UID00012","TCK0129","Tecate Roja"
"UID00012","TCK0129","Capuccino Andatti"
"UID00012","TCK0130","Marlboro Rojos"
"UID00012","TCK0130","Galletas Emperador"
"UID00012","TCK0130","Americano Andatti"
"UID00012","TCK0131","Heineken"
"UID00012","TCK0131","Cerveza Victoria"
"UID00012","TCK0132","Gatorade"
"UID00012","TCK0132","Ruffles Queso"
"UID00012","TCK0132","Cerveza Victoria"
"UID00012","TCK0133","Sprite"
"UID00012","TCK0133","Marlboro Rojos"
"UID00012","TCK0134","Galletas Emperador"
"UID00012","TCK0135","Trident Menta"
"UID00012","TCK0135","Marlboro Rojos"
"UID00012","TCK0136","Gatorade"
"UID00012","TCK0136","Mazapan"
"UID00012","TCK0136","Americano Andatti"
"UID00013","TCK0137","Tecate Roja"
"UID00013","TCK0138","Heineken"
"UID00013","TCK0139","Heineken"
"UID00013","TCK0140","Trident Menta"
"UID00013","TCK0141","Aceite la Posada"
"UID00013","TCK0141","Chanclas OXXO"
"UID00013","TCK0141","Cerveza Victoria"
"UID00013","TCK0142","Chocolate Crunch"
"UID00013","TCK0142","Capuccino Andatti"
"UID00013","TCK0143","Trident Menta"
"UID00013","TCK0144","Americano Andatti"
"UID00013","TCK0144","Chocolate Carlos V"
"UID00013","TCK0145","Tecate Roja"
"UID00013","TCK0146","Cerveza Victoria"
"UID00013","TCK0147","Chocolate Crunch"
"UID00013","TCK0147","Cerveza Victoria"
"UID00013","TCK0147","Sprite"
"UID00013","TCK0148","Americano Andatti"
"UID00013","TCK0149","Gatorade"
"UID00013","TCK0149","Agua Ciel"
"UID00013","TCK0150","Coca Cola"
"UID00013","TCK0150","Chocolate Carlos V"
"UID00013","TCK0150","Takis Fuego"
"UID00014","TCK0151","Americano Andatti"
"UID00014","TCK0151","Aceite la Posada"
"UID00014","TCK0152","Heineken"
"UID00014","TCK0153","Sprite"
"UID00014","TCK0153","Tecate Roja"
"UID00014","TCK0154","Ruffles Queso"
"UID00014","TCK0154","Heineken"
"UID00014","TCK0154","Galletas Emperador"
"UID00014","TCK0155","Chocolate Carlos V"
"UID00014","TCK0156","Chanclas OXXO"
"UID00014","TCK0156","Chocolate Carlos V"
"UID00014","TCK0156","Trident Menta"
"UID00014","TCK0157","Aceite la Posada"
"UID00014","TCK0157","Agua Ciel"
"UID00014","TCK0157","Chanclas OXXO"
"UID00014","TCK0158","Cerveza Victoria"
"UID00014","TCK0158","Galletas Oreo"
"UID00014","TCK0159","Agua Ciel"
"UID00014","TCK0160","Takis Fuego"
"UID00014","TCK0160","Aceite la Posada"
"UID00014","TCK0160","Tecate Roja"
"UID00014","TCK0161","Agua Ciel"
"UID00014","TCK0162","Trident Menta"
"UID00014","TCK0162","Aceite la Posada"
"UID00014","TCK0163","Agua Ciel"
"UID00014","TCK0163","Aceite la Posada"
"UID00014","TCK0163","Coca Cola"
"UID00014","TCK0164","Capuccino Andatti"
"UID00014","TCK0164","Galletas Emperador"
"UID00015","TCK0165","Heineken"
"UID00015","TCK0166","Ruffles Queso"
"UID00015","TCK0166","Marlboro Rojos"
"UID00015","TCK0166","Chocolate Carlos V"
"UID00015","TCK0167","Marlboro Rojos"
"UID00015","TCK0168","Sprite"
"UID00015","TCK0168","Americano Andatti"
"UID00015","TCK0168","Galletas Emperador"
"UID00015","TCK0169","Marlboro Rojos"
"UID00015","TCK0169","Aceite la Posada"
"UID00015","TCK0169","Capuccino Andatti"
"UID00015","TCK0170","Sprite"
"UID00015","TCK0171","Trident Menta"
"UID00015","TCK0171","Chanclas OXXO"
"UID00015","TCK0172","Agua Ciel"
"UID00015","TCK0173","Tecate Roja"
"UID00015","TCK0173","Agua Ciel"
"UID00015","TCK0174","Ruffles Queso"
"UID00015","TCK0174","Galletas Emperador"
"UID00015","TCK0174","Coca Cola"
"UID00015","TCK0175","Aceite la Posada"
"UID00015","TCK0176","Trident Menta"
"UID00015","TCK0176","Galletas Oreo"
"UID00015","TCK0177","Heineken"
"UID00015","TCK0178","Americano Andatti"
"UID00015","TCK0178","Mazapan"
"UID00015","TCK0178","Trident Menta"
"UID00016","TCK0179","Trident Menta"
"UID00016","TCK0179","Americano Andatti"
"UID00016","TCK0180","Galletas Emperador"
"UID00016","TCK0180","Chocolate Carlos V"
"UID00016","TCK0180","Galletas Oreo"
"UID00016","TCK0181","Sprite"
"UID00016","TCK0182","Chocolate Carlos V"
"UID00016","TCK0182","Ruffles Queso"
"UID00016","TCK0183","Cerveza Victoria"
"UID00016","TCK0183","Agua Ciel"
"UID00016","TCK0183","Tecate Roja"
"UID00016","TCK0184","Aceite la Posada"
"UID00016","TCK0184","Chocolate Carlos V"
"UID00016","TCK0185","Aceite la Posada"
"UID00016","TCK0185","Chocolate Crunch"
"UID00016","TCK0186","Takis Fuego"
"UID00016","TCK0187","Chanclas OXXO"
"UID00016","TCK0188","Takis Fuego"
"UID00016","TCK0188","Coca Cola"
"UID00016","TCK0189","Mazapan"
"UID00016","TCK0190","Galletas Emperador"
"UID00016","TCK0190","Tecate Roja"
"UID00016","TCK0190","Takis Fuego"
"UID00016","TCK0191","Tecate Roja"
"UID00017","TCK0192","Ruffles Queso"
"UID00017","TCK0193","Chocolate Carlos V"
"UID00017","TCK0194","Takis Fuego"
"UID00017","TCK0194","Trident Menta"
"UID00017","TCK0194","Marlboro Rojos"
"UID00017","TCK0195","Marlboro Rojos"
"UID00017","TCK0195","Sprite"
"UID00017","TCK0195","Coca Cola"
"UID00017","TCK0196","Ruffles Queso"
"UID00017","TCK0196","Americano Andatti"
"UID00017","TCK0197","Galletas Oreo"
"UID00017","TCK0197","Capuccino Andatti"
"UID00017","TCK0197","Heineken"
"UID00017","TCK0198","Chocolate Carlos V"
"UID00017","TCK0198","Tecate Roja"
"UID00017","TCK0199","Ruffles Queso"
"UID00017","TCK0200","Galletas Emperador"
"UID00017","TCK0201","Galletas Oreo"
"UID00017","TCK0201","Americano Andatti"
"UID00017","TCK0201","Coca Cola"
"UID00017","TCK0202","Trident Menta"
"UID00017","TCK0203","Aceite la Posada"
"UID00017","TCK0204","Chocolate Carlos V"
"UID00017","TCK0205","Ruffles Queso"
"UID00017","TCK0205","Tecate Roja"
"UID00017","TCK0205","Galletas Emperador"
"UID00017","TCK0206","Galletas Emperador"
"UID00017","TCK0207","Galletas Emperador"
"UID00017","TCK0207","Americano Andatti"
"UID00017","TCK0208","Tecate Roja"
"UID00017","TCK0209","Chocolate Carlos V"
"UID00017","TCK0210","Capuccino Andatti"
"UID00017","TCK0210","Agua Ciel"
"UID00018","TCK0211","Heineken"
"UID00018","TCK0211","Chocolate Carlos V"
"UID00018","TCK0212","Coca Cola"
"UID00018","TCK0212","Aceite la Posada"
"UID00018","TCK0213","Aceite la Posada"
"UID00018","TCK0214","Galletas Emperador"
"UID00018","TCK0215","Ruffles Queso"
"UID00018","TCK0216","Coca Cola"
"UID00018","TCK0216","Aceite la Posada"
"UID00018","TCK0217","Coca Cola"
"UID00018","TCK0217","Ruffles Queso"
"UID00018","TCK0217","Aceite la Posada"
"UID00018","TCK0218","Agua Ciel"
"UID00018","TCK0218","Galletas Oreo"
"UID00018","TCK0218","Coca Cola"
"UID00018","TCK0219","Cerveza Victoria"
"UID00019","TCK0220","Marlboro Rojos"
"UID00019","TCK0221","Coca Cola"
"UID00019","TCK0222","Capuccino Andatti"
"UID00019","TCK0222","Aceite la Posada"
"UID00019","TCK0223","Galletas Emperador"
"UID00019","TCK0223","Sprite"
"UID00019","TCK0224","Chocolate Crunch"
"UID00019","TCK0225","Takis Fuego"
"UID00019","TCK0225","Ruffles Queso"
"UID00019","TCK0226","Americano Andatti"
"UID00019","TCK0226","Tecate Roja"
"UID00019","TCK0227","Chanclas OXXO"
"UID00019","TCK0228","Chocolate Carlos V"
"UID00019","TCK0228","Tecate Roja"
"UID00020","TCK0229","Capuccino Andatti"
"UID00020","TCK0229","Takis Fuego"
"UID00020","TCK0230","Marlboro Rojos"
"UID00020","TCK0231","Americano Andatti"
"UID00020","TCK0231","Trident Menta"
"UID00020","TCK0231","Mazapan"
"UID00020","TCK0232","Chanclas OXXO"
"UID00020","TCK0232","Coca Cola"
"UID00020","TCK0233","Chocolate Carlos V"
"UID00020","TCK0233","Tecate Roja"
"UID00020","TCK0234","Capuccino Andatti"
"UID00020","TCK0234","Galletas Oreo"
"UID00020","TCK0235","Tecate Roja"
"UID00020","TCK0236","Galletas Oreo"
"UID00020","TCK0237","Chocolate Carlos V"
"UID00020","TCK0237","Galletas Emperador"
"UID00020","TCK0237","Marlboro Rojos"
"UID00020","TCK0238","Mazapan"
"UID00020","TCK0238","Galletas Oreo"
"UID00020","TCK0238","Cerveza Victoria"
"UID00020","TCK0239","Chocolate Crunch"
"UID00020","TCK0240","Galletas Emperador"
"UID00020","TCK0240","Mazapan"
"UID00020","TCK0240","Takis Fuego"
"UID00020","TCK0241","Galletas Oreo"
"UID00020","TCK0242","Cerveza Victoria"
"UID00020","TCK0242","Aceite la Posada"
"UID00020","TCK0242","Heineken"
"UID00020","TCK0243","Trident Menta"
"UID00021","TCK0244","Agua Ciel"
"UID00021","TCK0245","Mazapan"
"UID00021","TCK0246","Coca Cola"
"UID00021","TCK0246","Galletas Oreo"
"UID00021","TCK0247","Trident Menta"
"UID00021","TCK0248","Chocolate Crunch"
"UID00021","TCK0248","Marlboro Rojos"
"UID00021","TCK0248","Capuccino Andatti"
"UID00021","TCK0249","Trident Menta"
"UID00021","TCK0249","Galletas Emperador"
"UID00021","TCK0249","Coca Cola"
"UID00021","TCK0250","Americano Andatti"
"UID00021","TCK0250","Coca Cola"
"UID00021","TCK0251","Capuccino Andatti"
"UID00021","TCK0252","Heineken"
"UID00021","TCK0253","Takis Fuego"
"UID00021","TCK0254","Chanclas OXXO"
"UID00021","TCK0254","Agua Ciel"
"UID00021","TCK0254","Sprite"
"UID00021","TCK0255","Americano Andatti"
"UID00021","TCK0255","Heineken"
"UID00021","TCK0256","Ruffles Queso"
"UID00021","TCK0256","Sprite"
"UID00021","TCK0256","Mazapan"
"UID00022","TCK0257","Aceite la Posada"
"UID00022","TCK0257","Tecate Roja"
"UID00022","TCK0257","Gatorade"
"UID00022","TCK0258","Tecate Roja"
"UID00022","TCK0258","Americano Andatti"
"UID00022","TCK0258","Cerveza Victoria"
"UID00022","TCK0259","Galletas Emperador"
"UID00022","TCK0259","Americano Andatti"
"UID00022","TCK0259","Tecate Roja"
"UID00022","TCK0260","Coca Cola"
"UID00022","TCK0260","Sprite"
"UID00022","TCK0261","Aceite la Posada"
"UID00022","TCK0261","Americano Andatti"
"UID00022","TCK0262","Sprite"
"UID00022","TCK0262","Mazapan"
"UID00022","TCK0262","Ruffles Queso"
"UID00023","TCK0263","Americano Andatti"
"UID00023","TCK0263","Sprite"
"UID00023","TCK0264","Trident Menta"
"UID00023","TCK0265","Takis Fuego"
"UID00023","TCK0265","Tecate Roja"
"UID00023","TCK0266","Gatorade"
"UID00023","TCK0267","Americano Andatti"
"UID00023","TCK0268","Ruffles Queso"
"UID00023","TCK0269","Sprite"
"UID00023","TCK0270","Chanclas OXXO"
"UID00023","TCK0270","Americano Andatti"
"UID00023","TCK0271","Gatorade"
"UID00023","TCK0272","Trident Menta"
"UID00023","TCK0272","Coca Cola"
"UID00023","TCK0273","Chanclas OXXO"
"UID00023","TCK0273","Mazapan"
"UID00023","TCK0273","Gatorade"
"UID00023","TCK0274","Chocolate Carlos V"
"UID00023","TCK0274","Cerveza Victoria"
"UID00023","TCK0275","Coca Cola"
"UID00023","TCK0275","Gatorade"
"UID00023","TCK0276","Chanclas OXXO"
"UID00023","TCK0277","Ruffles Queso"
"UID00023","TCK0277","Heineken"
"UID00024","TCK0278","Mazapan"
"UID00024","TCK0278","Agua Ciel"
"UID00024","TCK0278","Takis Fuego"
"UID00024","TCK0279","Mazapan"
"UID00024","TCK0279","Coca Cola"
"UID00024","TCK0279","Capuccino Andatti"
"UID00024","TCK0280","Sprite"
"UID00024","TCK0280","Galletas Emperador"
"UID00024","TCK0281","Chanclas OXXO"
"UID00024","TCK0281","Capuccino Andatti"
"UID00024","TCK0281","Chocolate Crunch"
"UID00024","TCK0282","Chocolate Carlos V"
"UID00024","TCK0282","Ruffles Queso"
"UID00024","TCK0283","Mazapan"
"UID00024","TCK0284","Aceite la Posada"
"UID00024","TCK0284","Coca Cola"
"UID00024","TCK0284","Chanclas OXXO"
"UID00024","TCK0285","Mazapan"
"UID00024","TCK0286","Chocolate Crunch"
"UID00024","TCK0287","Chocolate Carlos V"
"UID00024","TCK0287","Aceite la Posada"
"UID00024","TCK0287","Marlboro Rojos"
"UID00024","TCK0288","Mazapan"
"UID00024","TCK0288","Aceite la Posada"
"UID00024","TCK0288","Ruffles Queso"
"UID00024","TCK0289","Ruffles Queso"
"UID00024","TCK0290","Tecate Roja"
"UID00024","TCK0291","Capuccino Andatti"
"UID00024","TCK0291","Agua Ciel"
"UID00024","TCK0292","Trident Menta"
"UID00024","TCK0292","Tecate Roja"
"UID00024","TCK0293","Americano Andatti"
"UID00024","TCK0294","Marlboro Rojos"
"UID00025","TCK0295","Trident Menta"
"UID00025","TCK0296","Gatorade"
"UID00025","TCK0297","Chocolate Carlos V"
"UID00025","TCK0297","Americano Andatti"
"UID00025","TCK0297","Galletas Emperador"
"UID00025","TCK0298","Mazapan"
"UID00025","TCK0298","Aceite la Posada"
"UID00025","TCK0298","Chocolate Crunch"
"UID00025","TCK0299","Coca Cola"
"UID00026","TCK0300","Galletas Emperador"
"UID00026","TCK0300","Capuccino Andatti"
"UID00026","TCK0300","Aceite la Posada"
"UID00026","TCK0301","Ruffles Queso"
"UID00026","TCK0301","Trident Menta"
"UID00026","TCK0301","Mazapan"
"UID00026","TCK0302","Sprite"
"UID00026","TCK0303","Aceite la Posada"
"UID00026","TCK0303","Chocolate Crunch"
"UID00026","TCK0304","Ruffles Queso"
"UID00026","TCK0304","Marlboro Rojos"
"UID00026","TCK0304","Tecate Roja"
"UID00026","TCK0305","Gatorade"
"UID00026","TCK0306","Trident Menta"
"UID00027","TCK0307","Americano Andatti"
"UID00027","TCK0307","Gatorade"
"UID00027","TCK0308","Galletas Oreo"
"UID00027","TCK0308","Marlboro Rojos"
"UID00027","TCK0309","Coca Cola"
"UID00027","TCK0309","Chanclas OXXO"
"UID00027","TCK0309","Galletas Emperador"
"UID00027","TCK0310","Marlboro Rojos"
"UID00027","TCK0311","Coca Cola"
"UID00027","TCK0311","Capuccino Andatti"
"UID00027","TCK0311","Ruffles Queso"
"UID00027","TCK0312","Tecate Roja"
"UID00027","TCK0313","Trident Menta"
"UID00027","TCK0313","Chanclas OXXO"
"UID00027","TCK0314","Aceite la Posada"
"UID00027","TCK0314","Galletas Emperador"
"UID00027","TCK0314","Galletas Oreo"
"UID00027","TCK0315","Takis Fuego"
"UID00027","TCK0315","Galletas Oreo"
"UID00027","TCK0315","Galletas Emperador"
"UID00027","TCK0316","Gatorade"
"UID00027","TCK0316","Mazapan"
"UID00027","TCK0317","Tecate Roja"
"UID00027","TCK0317","Mazapan"
"UID00027","TCK0318","Trident Menta"
"UID00027","TCK0319","Coca Cola"
"UID00028","TCK0320","Cerveza Victoria"
"UID00028","TCK0320","Galletas Oreo"
"UID00028","TCK0321","Agua Ciel"
"UID00028","TCK0321","Trident Menta"
"UID00028","TCK0322","Agua Ciel"
"UID00028","TCK0323","Chanclas OXXO"
"UID00028","TCK0323","Capuccino Andatti"
"UID00028","TCK0323","Cerveza Victoria"
"UID00028","TCK0324","Heineken"
"UID00028","TCK0325","Agua Ciel"
"UID00028","TCK0325","Capuccino Andatti"
"UID00028","TCK0326","Ruffles Queso"
"UID00028","TCK0326","Sprite"
"UID00028","TCK0327","Trident Menta"
"UID00028","TCK0327","Gatorade"
"UID00028","TCK0328","Coca Cola"
"UID00028","TCK0329","Galletas Oreo"
"UID00028","TCK0329","Americano Andatti"
"UID00028","TCK0330","Marlboro Rojos"
"UID00028","TCK0330","Trident Menta"
"UID00028","TCK0330","Agua Ciel"
"UID00028","TCK0331","Chanclas OXXO"
"UID00028","TCK0331","Chocolate Carlos V"
"UID00028","TCK0332","Coca Cola"
"UID00028","TCK0332","Chanclas OXXO"
"UID00028","TCK0332","Chocolate Crunch"
"UID00028","TCK0333","Chocolate Crunch"
"UID00028","TCK0333","Americano Andatti"
"UID00028","TCK0334","Gatorade"
"UID00028","TCK0334","Chocolate Crunch"
"UID00028","TCK0334","Americano Andatti"
"UID00028","TCK0335","Marlboro Rojos"
"UID00028","TCK0335","Cerveza Victoria"
"UID00029","TCK0336","Americano Andatti"
"UID00029","TCK0337","Sprite"
"UID00029","TCK0337","Chocolate Carlos V"
"UID00029","TCK0337","Mazapan"
"UID00029","TCK0338","Takis Fuego"
"UID00029","TCK0338","Americano Andatti"
"UID00029","TCK0338","Tecate Roja"
"UID00029","TCK0339","Sprite"
"UID00029","TCK0339","Galletas Emperador"
"UID00029","TCK0340","Ruffles Queso"
"UID00029","TCK0341","Americano Andatti"
"UID00029","TCK0341","Agua Ciel"
"UID00029","TCK0342","Marlboro Rojos"
"UID00029","TCK0342","Ruffles Queso"
"UID00029","TCK0343","Heineken"
"UID00029","TCK0343","Chanclas OXXO"
"UID00029","TCK0343","Galletas Emperador"
"UID00029","TCK0344","Cerveza Victoria"
"UID00029","TCK0344","Coca Cola"
"UID00029","TCK0344","Chocolate Carlos V"
"UID00029","TCK0345","Galletas Oreo"
"UID00029","TCK0346","Chanclas OXXO"
"UID00029","TCK0347","Trident Menta"
"UID00029","TCK0347","Tecate Roja"
"UID00029","TCK0347","Takis Fuego"
"UID00029","TCK0348","Heineken"
"UID00029","TCK0348","Galletas Emperador"
"UID00029","TCK0349","Heineken"
"UID00029","TCK0349","Sprite"
"UID00029","TCK0349","Chocolate Carlos V"
"UID00030","TCK0350","Capuccino Andatti"
"UID00030","TCK0350","Cerveza Victoria"
"UID00030","TCK0351","Galletas Oreo"
"UID00030","TCK0351","Takis Fuego"
"UID00030","TCK0352","Coca Cola"
"UID00030","TCK0352","Chocolate Crunch"
"UID00030","TCK0352","Americano Andatti"
"UID00030","TCK0353","Chocolate Crunch"
"UID00030","TCK0353","Gatorade"
"UID00030","TCK0354","Ruffles Queso"
"UID00030","TCK0354","Galletas Emperador"
"UID00030","TCK0355","Chocolate Carlos V"
"UID00030","TCK0355","Marlboro Rojos"
"UID00030","TCK0356","Americano Andatti"
"UID00030","TCK0356","Agua Ciel"
"UID00030","TCK0356","Galletas Oreo"
"UID00030","TCK0357","Gatorade"
"UID00030","TCK0358","Americano Andatti"
"UID00030","TCK0358","Chocolate Carlos V"
"UID00030","TCK0359","Agua Ciel"
"UID00030","TCK0359","Aceite la Posada"
"UID00030","TCK0359","Chocolate Crunch"
"UID00030","TCK0360","Aceite la Posada"
"UID00030","TCK0360","Gatorade"
"UID00030","TCK0360","Sprite"
"UID00030","TCK0361","Trident Menta"
"UID00030","TCK0362","Agua Ciel"
"UID00031","TCK0363","Cerveza Victoria"
"UID00031","TCK0363","Ruffles Queso"
"UID00031","TCK0363","Coca Cola"
"UID00031","TCK0364","Mazapan"
"UID00031","TCK0365","Aceite la Posada"
"UID00031","TCK0366","Coca Cola"
"UID00031","TCK0366","Mazapan"
"UID00031","TCK0367","Mazapan"
"UID00031","TCK0368","Marlboro Rojos"
"UID00031","TCK0369","Galletas Emperador"
"UID00031","TCK0369","Chocolate Crunch"
"UID00031","TCK0370","Takis Fuego"
"UID00031","TCK0370","Trident Menta"
"UID00031","TCK0371","Trident Menta"
"UID00031","TCK0371","Cerveza Victoria"
"UID00031","TCK0372","Cerveza Victoria"
"UID00031","TCK0373","Cerveza Victoria"
"UID00031","TCK0373","Mazapan"
"UID00031","TCK0373","Ruffles Queso"
"UID00031","TCK0374","Heineken"
"UID00032","TCK0375","Capuccino Andatti"
"UID00032","TCK0375","Ruffles Queso"
"UID00032","TCK0375","Americano Andatti"
"UID00032","TCK0376","Sprite"
"UID00032","TCK0377","Sprite"
"UID00032","TCK0377","Mazapan"
"UID00032","TCK0377","Tecate Roja"
"UID00032","TCK0378","Sprite"
"UID00032","TCK0378","Chocolate Crunch"
"UID00032","TCK0378","Ruffles Queso"
"UID00032","TCK0379","Trident Menta"
"UID00032","TCK0379","Galletas Emperador"
"UID00032","TCK0379","Mazapan"
"UID00032","TCK0380","Chocolate Crunch"
"UID00032","TCK0381","Trident Menta"
"UID00032","TCK0381","Chocolate Crunch"
"UID00032","TCK0381","Americano Andatti"
"UID00032","TCK0382","Chocolate Crunch"
"UID00032","TCK0382","Heineken"
"UID00032","TCK0382","Americano Andatti"
"UID00032","TCK0383","Galletas Emperador"
"UID00032","TCK0383","Trident Menta"
"UID00032","TCK0384","Chocolate Crunch"
"UID00032","TCK0385","Americano Andatti"
"UID00032","TCK0385","Sprite"
"UID00032","TCK0386","Heineken"
"UID00032","TCK0386","Trident Menta"
"UID00032","TCK0387","Coca Cola"
"UID00033","TCK0388","Galletas Emperador"
"UID00033","TCK0388","Coca Cola"
"UID00033","TCK0388","Takis Fuego"
"UID00033","TCK0389","Chocolate Carlos V"
"UID00033","TCK0390","Trident Menta"
"UID00033","TCK0391","Heineken"
"UID00033","TCK0392","Coca Cola"
"UID00033","TCK0392","Chanclas OXXO"
"UID00033","TCK0392","Sprite"
"UID00033","TCK0393","Ruffles Queso"
"UID00033","TCK0393","Mazapan"
"UID00033","TCK0394","Galletas Emperador"
"UID00033","TCK0394","Tecate Roja"
"UID00033","TCK0395","Agua Ciel"
"UID00033","TCK0396","Chanclas OXXO"
"UID00033","TCK0396","Capuccino Andatti"
"UID00033","TCK0397","Tecate Roja"
"UID00033","TCK0397","Aceite la Posada"
"UID00033","TCK0398","Marlboro Rojos"
"UID00033","TCK0399","Mazapan"
"UID00033","TCK0399","Coca Cola"
"UID00033","TCK0399","Capuccino Andatti"
"UID00033","TCK0400","Galletas Oreo"
"UID00033","TCK0400","Chocolate Crunch"
"UID00033","TCK0400","Sprite"
"UID00033","TCK0401","Americano Andatti"
"UID00033","TCK0401","Aceite la Posada"
"UID00033","TCK0402","Heineken"
"UID00033","TCK0402","Coca Cola"
"UID00033","TCK0403","Aceite la Posada"
"UID00034","TCK0404","Gatorade"
"UID00034","TCK0405","Aceite la Posada"
"UID00034","TCK0405","Gatorade"
"UID00034","TCK0405","Mazapan"
"UID00034","TCK0406","Capuccino Andatti"
"UID00034","TCK0407","Americano Andatti"
"UID00034","TCK0407","Agua Ciel"
"UID00034","TCK0407","Chanclas OXXO"
"UID00034","TCK0408","Galletas Emperador"
"UID00034","TCK0408","Chanclas OXXO"
"UID00034","TCK0408","Chocolate Carlos V"
"UID00034","TCK0409","Galletas Oreo"
"UID00034","TCK0409","Takis Fuego"
"UID00034","TCK0409","Heineken"
"UID00034","TCK0410","Chocolate Crunch"
"UID00034","TCK0410","Heineken"
"UID00034","TCK0411","Agua Ciel"
"UID00034","TCK0411","Ruffles Queso"
"UID00034","TCK0412","Chocolate Crunch"
"UID00034","TCK0412","Heineken"
"UID00034","TCK0412","Galletas Emperador"
"UID00034","TCK0413","Trident Menta"
"UID00034","TCK0414","Gatorade"
"UID00034","TCK0414","Chocolate Carlos V"
"UID00034","TCK0414","Marlboro Rojos"
"UID00034","TCK0415","Chocolate Crunch"
"UID00034","TCK0415","Mazapan"
"UID00034","TCK0415","Trident Menta"
"UID00035","TCK0416","Capuccino Andatti"
"UID00035","TCK0416","Trident Menta"
"UID00035","TCK0417","Marlboro Rojos"
"UID00035","TCK0418","Capuccino Andatti"
"UID00035","TCK0418","Chocolate Crunch"
"UID00035","TCK0418","Galletas Emperador"
"UID00035","TCK0419","Chocolate Carlos V"
"UID00035","TCK0420","Gatorade"
"UID00035","TCK0421","Galletas Emperador"
"UID00035","TCK0422","Sprite"
"UID00035","TCK0422","Trident Menta"
"UID00035","TCK0423","Galletas Oreo"
"UID00035","TCK0423","Gatorade"
"UID00035","TCK0423","Aceite la Posada"
"UID00035","TCK0424","Gatorade"
"UID00035","TCK0425","Galletas Oreo"
"UID00035","TCK0425","Gatorade"
"UID00035","TCK0425","Capuccino Andatti"
"UID00036","TCK0426","Chocolate Crunch"
"UID00036","TCK0427","Chocolate Carlos V"
"UID00036","TCK0428","Chanclas OXXO"
"UID00036","TCK0428","Cerveza Victoria"
"UID00036","TCK0429","Galletas Oreo"
"UID00036","TCK0429","Chocolate Carlos V"
"UID00036","TCK0429","Capuccino Andatti"
"UID00036","TCK0430","Sprite"
"UID00036","TCK0431","Ruffles Queso"
"UID00036","TCK0431","Agua Ciel"
"UID00036","TCK0432","Cerveza Victoria"
"UID00036","TCK0433","Galletas Emperador"
"UID00036","TCK0433","Mazapan"
"UID00036","TCK0433","Trident Menta"
"UID00036","TCK0434","Sprite"
"UID00036","TCK0434","Agua Ciel"
"UID00036","TCK0435","Coca Cola"
"UID00036","TCK0435","Marlboro Rojos"
"UID00036","TCK0436","Capuccino Andatti"
"UID00036","TCK0437","Tecate Roja"
"UID00036","TCK0438","Coca Cola"
"UID00036","TCK0439","Galletas Oreo"
"UID00036","TCK0439","Tecate Roja"
"UID00036","TCK0439","Marlboro Rojos"
"UID00036","TCK0440","Gatorade"
"UID00036","TCK0440","Tecate Roja"
"UID00036","TCK0441","Chocolate Crunch"
"UID00036","TCK0441","Galletas Oreo"
"UID00036","TCK0441","Gatorade"
"UID00036","TCK0442","Cerveza Victoria"
"UID00036","TCK0443","Trident Menta"
"UID00036","TCK0443","Takis Fuego"
"UID00036","TCK0444","Galletas Emperador"
"UID00036","TCK0444","Gatorade"
"UID00036","TCK0445","Galletas Oreo"
"UID00037","TCK0446","Capuccino Andatti"
"UID00037","TCK0447","Sprite"
"UID00037","TCK0448","Marlboro Rojos"
"UID00037","TCK0448","Galletas Emperador"
"UID00037","TCK0449","Capuccino Andatti"
"UID00037","TCK0450","Chocolate Carlos V"
"UID00037","TCK0451","Ruffles Queso"
"UID00038","TCK0452","Chocolate Carlos V"
"UID00038","TCK0453","Tecate Roja"
"UID00038","TCK0453","Sprite"
"UID00038","TCK0454","Americano Andatti"
"UID00038","TCK0454","Mazapan"
"UID00038","TCK0455","Aceite la Posada"
"UID00038","TCK0456","Chanclas OXXO"
"UID00038","TCK0456","Galletas Emperador"
"UID00039","TCK0457","Aceite la Posada"
"UID00039","TCK0457","Sprite"
"UID00039","TCK0458","Takis Fuego"
"UID00039","TCK0458","Tecate Roja"
"UID00039","TCK0459","Gatorade"
"UID00039","TCK0459","Americano Andatti"
"UID00039","TCK0460","Coca Cola"
"UID00039","TCK0461","Galletas Oreo"
"UID00039","TCK0461","Aceite la Posada"
"UID00039","TCK0461","Takis Fuego"
"UID00039","TCK0462","Cerveza Victoria"
"UID00039","TCK0462","Ruffles Queso"
"UID00039","TCK0463","Galletas Oreo"
"UID00039","TCK0464","Marlboro Rojos"
"UID00039","TCK0465","Agua Ciel"
"UID00039","TCK0465","Marlboro Rojos"
"UID00039","TCK0466","Americano Andatti"
"UID00039","TCK0467","Capuccino Andatti"
"UID00040","TCK0468","Chocolate Crunch"
"UID00040","TCK0468","Capuccino Andatti"
"UID00040","TCK0468","Galletas Emperador"
"UID00040","TCK0469","Aceite la Posada"
"UID00040","TCK0470","Aceite la Posada"
"UID00040","TCK0470","Americano Andatti"
"UID00040","TCK0471","Sprite"
"UID00040","TCK0472","Chanclas OXXO"
"UID00040","TCK0472","Takis Fuego"
"UID00040","TCK0472","Ruffles Queso"
"UID00040","TCK0473","Sprite"
"UID00040","TCK0473","Capuccino Andatti"
"UID00040","TCK0473","Trident Menta"
"UID00040","TCK0474","Agua Ciel"
"UID00040","TCK0475","Chocolate Crunch"
"UID00040","TCK0475","Galletas Emperador"
"UID00040","TCK0476","Cerveza Victoria"
"UID00040","TCK0476","Gatorade"
"UID00040","TCK0477","Chocolate Crunch"
"UID00040","TCK0477","Capuccino Andatti"
"UID00040","TCK0477","Americano Andatti"
"UID00040","TCK0478","Gatorade"
"UID00040","TCK0478","Heineken"
"UID00040","TCK0478","Aceite la Posada"
"UID00040","TCK0479","Takis Fuego"
"UID00040","TCK0479","Aceite la Posada"
"UID00040","TCK0480","Gatorade"
"UID00040","TCK0480","Galletas Oreo"
"UID00040","TCK0481","Americano Andatti"
"UID00040","TCK0481","Trident Menta"
"UID00040","TCK0482","Marlboro Rojos"
"UID00040","TCK0483","Cerveza Victoria"
"UID00040","TCK0483","Tecate Roja"
"UID00040","TCK0483","Chocolate Carlos V"
"UID00040","TCK0484","Takis Fuego"
"UID00040","TCK0485","Aceite la Posada"
"UID00040","TCK0485","Agua Ciel"
"UID00041","TCK0486","Mazapan"
"UID00041","TCK0486","Coca Cola"
"UID00041","TCK0486","Chanclas OXXO"
"UID00041","TCK0487","Chocolate Crunch"
"UID00041","TCK0487","Chocolate Carlos V"
"UID00041","TCK0487","Ruffles Queso"
"UID00041","TCK0488","Marlboro Rojos"
"UID00041","TCK0488","Trident Menta"
"UID00041","TCK0489","Chanclas OXXO"
"UID00041","TCK0490","Coca Cola"
"UID00041","TCK0491","Americano Andatti"
"UID00041","TCK0491","Takis Fuego"
"UID00041","TCK0491","Gatorade"
"UID00041","TCK0492","Heineken"
"UID00041","TCK0492","Americano Andatti"
"UID00041","TCK0492","Sprite"
"UID00041","TCK0493","Galletas Oreo"
"UID00041","TCK0493","Ruffles Queso"
"UID00041","TCK0494","Chocolate Carlos V"
"UID00041","TCK0494","Heineken"
"UID00041","TCK0494","Americano Andatti"
"UID00041","TCK0495","Gatorade"
"UID00041","TCK0495","Tecate Roja"
"UID00041","TCK0496","Capuccino Andatti"
"UID00041","TCK0496","Americano Andatti"
"UID00041","TCK0497","Aceite la Posada"
"UID00041","TCK0497","Coca Cola"
"UID00041","TCK0498","Cerveza Victoria"
"UID00041","TCK0498","Mazapan"
"UID00041","TCK0499","Trident Menta"
"UID00041","TCK0499","Heineken"
"UID00041","TCK0499","Galletas Emperador"
"UID00041","TCK0500","Mazapan"
"UID00041","TCK0500","Americano Andatti"
"UID00041","TCK0500","Agua Ciel"
"UID00041","TCK0501","Capuccino Andatti"
"UID00041","TCK0501","Galletas Oreo"
"UID00041","TCK0502","Trident Menta"
"UID00042","TCK0503","Ruffles Queso"
"UID00042","TCK0503","Chocolate Carlos V"
"UID00042","TCK0503","Americano Andatti"
"UID00042","TCK0504","Chocolate Carlos V"
"UID00042","TCK0505","Cerveza Victoria"
"UID00042","TCK0505","Trident Menta"
"UID00042","TCK0505","Heineken"
"UID00042","TCK0506","Ruffles Queso"
"UID00042","TCK0506","Galletas Emperador"
"UID00042","TCK0507","Cerveza Victoria"
"UID00042","TCK0507","Chanclas OXXO"
"UID00042","TCK0508","Galletas Emperador"
"UID00042","TCK0508","Aceite la Posada"
"UID00042","TCK0508","Chocolate Carlos V"
"UID00042","TCK0509","Cerveza Victoria"
"UID00042","TCK0510","Chocolate Crunch"
"UID00042","TCK0511","Gatorade"
"UID00042","TCK0511","Galletas Emperador"
"UID00042","TCK0511","Ruffles Queso"
"UID00042","TCK0512","Aceite la Posada"
"UID00042","TCK0513","Galletas Emperador"
"UID00042","TCK0513","Heineken"
"UID00042","TCK0513","Capuccino Andatti"
"UID00042","TCK0514","Sprite"
"UID00042","TCK0515","Aceite la Posada"
"UID00042","TCK0515","Galletas Oreo"
"UID00042","TCK0516","Galletas Oreo"
"UID00042","TCK0516","Cerveza Victoria"
"UID00042","TCK0517","Gatorade"
"UID00042","TCK0518","Tecate Roja"
"UID00042","TCK0518","Gatorade"
"UID00042","TCK0519","Agua Ciel"
"UID00042","TCK0519","Gatorade"
"UID00042","TCK0520","Gatorade"
"UID00042","TCK0521","Gatorade"
"UID00042","TCK0521","Mazapan"
"UID00042","TCK0521","Aceite la Posada"
"UID00043","TCK0522","Chanclas OXXO"
"UID00043","TCK0522","Capuccino Andatti"
"UID00043","TCK0522","Galletas Emperador"
"UID00043","TCK0523","Tecate Roja"
"UID00043","TCK0524","Takis Fuego"
"UID00043","TCK0524","Americano Andatti"
"UID00043","TCK0524","Marlboro Rojos"
"UID00043","TCK0525","Aceite la Posada"
"UID00043","TCK0525","Marlboro Rojos"
"UID00043","TCK0525","Ruffles Queso"
"UID00043","TCK0526","Chocolate Crunch"
"UID00043","TCK0526","Cerveza Victoria"
"UID00043","TCK0526","Chanclas OXXO"
"UID00043","TCK0527","Heineken"
"UID00043","TCK0527","Americano Andatti"
"UID00043","TCK0528","Galletas Oreo"
"UID00043","TCK0528","Takis Fuego"
"UID00043","TCK0528","Marlboro Rojos"
"UID00043","TCK0529","Aceite la Posada"
"UID00043","TCK0529","Chanclas OXXO"
"UID00043","TCK0529","Marlboro Rojos"
"UID00043","TCK0530","Trident Menta"
"UID00043","TCK0530","Chocolate Crunch"
"UID00043","TCK0531","Galletas Oreo"
"UID00044","TCK0532","Galletas Emperador"
"UID00044","TCK0532","Chanclas OXXO"
"UID00044","TCK0532","Heineken"
"UID00044","TCK0533","Galletas Oreo"
"UID00044","TCK0533","Chocolate Crunch"
"UID00044","TCK0534","Trident Menta"
"UID00044","TCK0535","Sprite"
"UID00044","TCK0536","Capuccino Andatti"
"UID00044","TCK0536","Agua Ciel"
"UID00044","TCK0536","Mazapan"
"UID00044","TCK0537","Galletas Emperador"
"UID00044","TCK0537","Heineken"
"UID00044","TCK0537","Chocolate Carlos V"
"UID00044","TCK0538","Ruffles Queso"
"UID00044","TCK0538","Galletas Emperador"
"UID00044","TCK0538","Aceite la Posada"
"UID00044","TCK0539","Heineken"
"UID00044","TCK0539","Chocolate Crunch"
"UID00044","TCK0539","Aceite la Posada"
"UID00044","TCK0540","Coca Cola"
"UID00044","TCK0540","Galletas Emperador"
"UID00044","TCK0540","Takis Fuego"
"UID00044","TCK0541","Galletas Emperador"
"UID00044","TCK0541","Americano Andatti"
"UID00044","TCK0542","Sprite"
"UID00044","TCK0542","Trident Menta"
"UID00044","TCK0543","Galletas Oreo"
"UID00044","TCK0543","Coca Cola"
"UID00044","TCK0543","Trident Menta"
"UID00044","TCK0544","Coca Cola"
"UID00044","TCK0545","Takis Fuego"
"UID00044","TCK0546","Heineken"
"UID00044","TCK0546","Chocolate Carlos V"
"UID00044","TCK0547","Capuccino Andatti"
"UID00044","TCK0548","Capuccino Andatti"
"UID00044","TCK0548","Ruffles Queso"
"UID00044","TCK0549","Cerveza Victoria"
"UID00044","TCK0549","Coca Cola"
"UID00044","TCK0549","Chocolate Carlos V"
"UID00044","TCK0550","Aceite la Posada"
"UID00044","TCK0550","Takis Fuego"
"UID00044","TCK0550","Sprite"
"UID00044","TCK0551","Mazapan"
"UID00044","TCK0551","Aceite la Posada"
"UID00045","TCK0552","Capuccino Andatti"
"UID00045","TCK0552","Marlboro Rojos"
"UID00045","TCK0552","Ruffles Queso"
"UID00045","TCK0553","Capuccino Andatti"
"UID00045","TCK0553","Cerveza Victoria"
"UID00045","TCK0553","Coca Cola"
"UID00045","TCK0554","Galletas Emperador"
"UID00045","TCK0554","Chanclas OXXO"
"UID00045","TCK0554","Heineken"
"UID00045","TCK0555","Coca Cola"
"UID00045","TCK0555","Cerveza Victoria"
"UID00045","TCK0556","Heineken"
"UID00045","TCK0556","Aceite la Posada"
"UID00045","TCK0557","Takis Fuego"
"UID00045","TCK0558","Chanclas OXXO"
"UID00045","TCK0559","Chocolate Carlos V"
"UID00045","TCK0559","Mazapan"
"UID00045","TCK0560","Mazapan"
"UID00045","TCK0560","Chocolate Crunch"
"UID00045","TCK0561","Tecate Roja"
"UID00045","TCK0561","Chocolate Carlos V"
"UID00045","TCK0561","Ruffles Queso"
"UID00046","TCK0562","Aceite la Posada"
"UID00046","TCK0562","Galletas Oreo"
"UID00046","TCK0562","Takis Fuego"
"UID00046","TCK0563","Heineken"
"UID00046","TCK0563","Trident Menta"
"UID00046","TCK0564","Chocolate Carlos V"
"UID00046","TCK0564","Agua Ciel"
"UID00046","TCK0564","Capuccino Andatti"
"UID00046","TCK0565","Galletas Oreo"
"UID00046","TCK0566","Chocolate Carlos V"
"UID00046","TCK0567","Galletas Emperador"
"UID00046","TCK0568","Galletas Emperador"
"UID00046","TCK0568","Tecate Roja"
"UID00046","TCK0568","Heineken"
"UID00046","TCK0569","Americano Andatti"
"UID00046","TCK0570","Chocolate Crunch"
"UID00046","TCK0570","Agua Ciel"
"UID00046","TCK0571","Chanclas OXXO"
"UID00046","TCK0571","Tecate Roja"
"UID00046","TCK0572","Marlboro Rojos"
"UID00046","TCK0572","Coca Cola"
"UID00046","TCK0573","Mazapan"
"UID00046","TCK0573","Coca Cola"
"UID00046","TCK0573","Americano Andatti"
"UID00046","TCK0574","Trident Menta"
"UID00046","TCK0574","Mazapan"
"UID00046","TCK0575","Galletas Emperador"
"UID00046","TCK0575","Sprite"
"UID00046","TCK0575","Marlboro Rojos"
"UID00046","TCK0576","Trident Menta"
"UID00046","TCK0576","Chanclas OXXO"
"UID00046","TCK0576","Galletas Emperador"
"UID00046","TCK0577","Cerveza Victoria"
"UID00046","TCK0577","Chocolate Crunch"
"UID00046","TCK0577","Sprite"
"UID00046","TCK0578","Tecate Roja"
"UID00046","TCK0578","Chocolate Crunch"
"UID00047","TCK0579","Chanclas OXXO"
"UID00047","TCK0579","Agua Ciel"
"UID00047","TCK0579","Sprite"
"UID00047","TCK0580","Takis Fuego"
"UID00047","TCK0580","Americano Andatti"
"UID00047","TCK0581","Galletas Emperador"
"UID00047","TCK0581","Agua Ciel"
"UID00047","TCK0581","Americano Andatti"
"UID00047","TCK0582","Tecate Roja"
"UID00047","TCK0582","Trident Menta"
"UID00047","TCK0583","Gatorade"
"UID00047","TCK0583","Galletas Emperador"
"UID00047","TCK0583","Ruffles Queso"
"UID00047","TCK0584","Galletas Emperador"
"UID00047","TCK0584","Sprite"
"UID00047","TCK0585","Takis Fuego"
"UID00047","TCK0585","Aceite la Posada"
"UID00047","TCK0585","Galletas Oreo"
"UID00047","TCK0586","Chocolate Carlos V"
"UID00047","TCK0586","Galletas Oreo"
"UID00047","TCK0587","Aceite la Posada"
"UID00047","TCK0587","Sprite"
"UID00047","TCK0587","Agua Ciel"
"UID00047","TCK0588","Heineken"
"UID00047","TCK0588","Aceite la Posada"
"UID00047","TCK0588","Cerveza Victoria"
"UID00048","TCK0589","Marlboro Rojos"
"UID00048","TCK0590","Chocolate Carlos V"
"UID00048","TCK0591","Tecate Roja"
"UID00048","TCK0591","Cerveza Victoria"
"UID00048","TCK0592","Tecate Roja"
"UID00048","TCK0592","Americano Andatti"
"UID00048","TCK0593","Chanclas OXXO"
"UID00048","TCK0593","Takis Fuego"
"UID00048","TCK0593","Trident Menta"
"UID00048","TCK0594","Takis Fuego"
"UID00048","TCK0594","Chanclas OXXO"
"UID00048","TCK0595","Chocolate Crunch"
"UID00048","TCK0595","Ruffles Queso"
"UID00048","TCK0596","Chocolate Crunch"
"UID00048","TCK0596","Chanclas OXXO"
"UID00048","TCK0597","Agua Ciel"
"UID00048","TCK0598","Agua Ciel"
"UID00048","TCK0598","Americano Andatti"
"UID00048","TCK0598","Coca Cola"
"UID00048","TCK0599","Agua Ciel"
"UID00048","TCK0599","Cerveza Victoria"
"UID00048","TCK0600","Cerveza Victoria"
"UID00048","TCK0601","Chocolate Carlos V"
"UID00048","TCK0602","Heineken"
"UID00048","TCK0603","Takis Fuego"
"UID00048","TCK0603","Cerveza Victoria"
"UID00048","TCK0604","Chocolate Carlos V"
"UID00048","TCK0604","Sprite"
"UID00048","TCK0605","Trident Menta"
"UID00048","TCK0606","Chocolate Crunch"
"UID00048","TCK0606","Sprite"
"UID00048","TCK0606","Gatorade"
"UID00048","TCK0607","Takis Fuego"
"UID00048","TCK0608","Heineken"
"UID00049","TCK0609","Tecate Roja"
"UID00049","TCK0609","Marlboro Rojos"
"UID00049","TCK0610","Trident Menta"
"UID00049","TCK0610","Mazapan"
"UID00049","TCK0610","Americano Andatti"
"UID00049","TCK0611","Heineken"
"UID00049","TCK0611","Trident Menta"
"UID00049","TCK0611","Cerveza Victoria"
"UID00049","TCK0612","Coca Cola"
"UID00049","TCK0612","Sprite"
"UID00049","TCK0613","Ruffles Queso"
"UID00049","TCK0613","Cerveza Victoria"
"UID00049","TCK0614","Coca Cola"
"UID00049","TCK0614","Trident Menta"
"UID00049","TCK0615","Aceite la Posada"
"UID00049","TCK0616","Galletas Emperador"
"UID00049","TCK0616","Gatorade"
"UID00049","TCK0616","Takis Fuego"
"UID00049","TCK0617","Tecate Roja"
"UID00049","TCK0617","Chanclas OXXO"
"UID00049","TCK0618","Mazapan"
"UID00049","TCK0618","Aceite la Posada"
"UID00049","TCK0619","Ruffles Queso"
"UID00049","TCK0620","Marlboro Rojos"
"UID00049","TCK0620","Cerveza Victoria"
"UID00049","TCK0621","Chocolate Crunch"
"UID00049","TCK0621","Americano Andatti"
"UID00049","TCK0622","Gatorade"
"UID00049","TCK0622","Heineken"
"UID00049","TCK0622","Ruffles Queso"
"UID00049","TCK0623","Chocolate Crunch"
"UID00049","TCK0623","Mazapan"
"UID00049","TCK0624","Ruffles Queso"
"UID00049","TCK0624","Capuccino Andatti"
"UID00049","TCK0625","Takis Fuego"
"UID00049","TCK0625","Galletas Emperador"
"UID00049","TCK0626","Tecate Roja"
"UID00050","TCK0627","Cerveza Victoria"
"UID00050","TCK0628","Chocolate Crunch"
"UID00050","TCK0628","Trident Menta"
"UID00050","TCK0629","Galletas Emperador"
"UID00050","TCK0630","Heineken"
"UID00050","TCK0631","Cerveza Victoria"
"UID00050","TCK0631","Agua Ciel"
"UID00050","TCK0632","Trident Menta"
"UID00050","TCK0632","Galletas Emperador"
"UID00050","TCK0633","Marlboro Rojos"
"UID00050","TCK0633","Takis Fuego"
"UID00050","TCK0633","Galletas Oreo"
"UID00050","TCK0634","Mazapan"
"UID00050","TCK0634","Galletas Emperador"
"UID00050","TCK0634","Chanclas OXXO"
"UID00050","TCK0635","Chanclas OXXO"
"UID00050","TCK0636","Capuccino Andatti"
"UID00050","TCK0636","Aceite la Posada"
"UID00050","TCK0637","Chanclas OXXO"
"UID00050","TCK0638","Tecate Roja"
