UserID,Birthday,ZodiacSign,Gender,FavoriteProduct,FavoriteCategory,SecondFavoriteProduct,StreamingServices,Gambling,FavoriteStore,Travel,Email
1,2002-01-13,Capricorn,Other,C,X,E,Yes,No,C2,Yes,tfmlhgau@sample.com
2,1971-07-30,Leo,Other,B,W,H,Yes,Yes,A1,No,eotrdsjl@sample.com
3,1969-11-29,Sagittarius,Male,B,Z,G,No,No,A1,No,hpjtlujb@sample.com
4,1947-05-28,Gemini,Male,C,X,H,No,No,D3,No,crmcsqfb@sample.com
5,2002-01-06,Capricorn,Other,A,Z,G,No,No,B1,Yes,vqtpibxu@sample.com
6,1987-09-25,Libra,Male,C,W,H,Yes,Yes,B2,Yes,svjshhlq@sample.com
7,1975-07-31,Leo,Female,C,Z,F,Yes,No,C2,Yes,tyupxtwt@sample.com
8,1952-01-01,Capricorn,Female,D,W,F,Yes,No,B1,No,sljeunpk@sample.com
9,1967-02-28,Pisces,Other,B,Y,F,No,Yes,A1,Yes,xtpuvhyu@sample.com
10,1969-02-26,Pisces,Male,D,X,F,No,No,D3,Yes,nhlkvztg@sample.com
11,1951-01-24,Aquarius,Male,B,Z,E,No,No,B2,Yes,ltrhgnzy@sample.com
12,1989-08-28,Virgo,Female,C,W,G,No,Yes,D3,Yes,rwydshru@sample.com
13,1975-07-21,Cancer,Other,D,W,G,No,Yes,C4,No,dcenbfpj@sample.com
14,2000-12-07,Sagittarius,Female,A,X,E,Yes,Yes,B1,Yes,gimtusop@sample.com
15,2000-08-08,Leo,Female,D,Z,G,Yes,Yes,C4,Yes,muglayni@sample.com
16,1966-11-09,Scorpio,Female,B,W,H,No,No,B1,Yes,efwgqnxy@sample.com
17,1947-01-12,Capricorn,Other,C,X,F,No,Yes,B2,Yes,ifylavyb@sample.com
18,1983-07-13,Cancer,Male,D,X,H,Yes,No,B1,No,pgnbfoeq@sample.com
19,1988-08-28,Virgo,Female,D,X,G,Yes,Yes,B2,Yes,lxrcgbvb@sample.com
20,1960-06-14,Gemini,Female,A,Z,G,Yes,No,D3,No,bdieosck@sample.com
21,1949-10-28,Scorpio,Other,C,W,F,Yes,Yes,D3,No,thxtsxze@sample.com
22,1976-10-21,Libra,Female,B,Z,F,No,Yes,D3,Yes,nyfkpshm@sample.com
23,2002-07-16,Cancer,Male,B,Y,H,No,No,D3,No,kygemjbj@sample.com
24,2006-11-26,Sagittarius,Male,D,W,G,Yes,Yes,B2,Yes,lwfxjyev@sample.com
25,1971-01-22,Aquarius,Female,D,Z,E,Yes,Yes,A1,No,dwswxyob@sample.com
26,1946-09-04,Virgo,Male,C,Z,F,No,No,D3,Yes,edurcquz@sample.com
27,1989-12-06,Sagittarius,Male,A,Z,F,Yes,No,A1,Yes,gdwudjnk@sample.com
28,1948-10-06,Libra,Male,D,W,H,Yes,Yes,C4,No,tvbqnbio@sample.com
29,1979-07-13,Cancer,Male,C,W,G,Yes,Yes,A1,No,ozdxihcj@sample.com
30,2005-11-19,Scorpio,Female,C,Z,F,Yes,No,D3,Yes,dxkxigmx@sample.com
31,1969-11-27,Sagittarius,Female,D,W,F,No,Yes,C2,No,btepeckg@sample.com
32,1946-06-29,Cancer,Female,D,X,F,Yes,No,B1,Yes,wfxrnxkh@sample.com
33,1960-03-14,Pisces,Male,A,Z,G,No,Yes,B2,Yes,choyzttb@sample.com
34,1985-10-02,Libra,Other,A,Z,F,No,No,C2,Yes,uspwxlru@sample.com
35,1994-06-02,Gemini,Male,C,W,G,No,No,A1,Yes,vnbbttky@sample.com
36,1959-07-09,Cancer,Male,B,Y,E,No,No,C4,No,poffztpf@sample.com
37,1970-07-01,Cancer,Female,B,X,E,Yes,No,A1,No,vxwfbrth@sample.com
38,1970-12-08,Sagittarius,Male,A,Y,F,No,Yes,B1,No,ojgnbnji@sample.com
39,1986-11-22,Sagittarius,Other,C,Y,H,No,No,B1,No,gcnconeb@sample.com
40,1945-11-10,Scorpio,Other,A,W,F,Yes,Yes,D3,No,kjojabjk@sample.com
41,1987-11-12,Scorpio,Female,B,Y,F,No,No,A1,Yes,ohsposcm@sample.com
42,1964-03-28,Aries,Male,D,X,E,No,No,C4,No,dskayzkk@sample.com
43,1946-03-26,Aries,Female,D,Z,E,No,Yes,C4,Yes,kcbymctr@sample.com
44,1955-07-04,Cancer,Female,A,Y,H,No,Yes,D3,Yes,lbgxfxha@sample.com
45,1992-03-30,Aries,Male,D,X,F,No,Yes,C2,Yes,phnaohlp@sample.com
46,1982-11-13,Scorpio,Female,A,Y,E,No,Yes,A1,Yes,djpumgqp@sample.com
47,2006-02-03,Aquarius,Female,A,X,F,No,No,D3,No,rgagkxvb@sample.com
48,1976-08-27,Virgo,Other,A,X,G,Yes,Yes,D3,Yes,xmnzqoey@sample.com
49,1945-03-14,Pisces,Female,A,Y,H,No,Yes,C4,No,bhdrjxok@sample.com
50,1966-12-04,Sagittarius,Other,C,Z,G,No,Yes,B1,Yes,ychtkshd@sample.com
51,1973-05-08,Taurus,Female,B,X,H,Yes,No,C4,No,cvxxqsch@sample.com
52,1945-08-23,Virgo,Female,B,Z,H,No,Yes,A1,Yes,jtqtdxva@sample.com
53,1954-06-06,Gemini,Male,D,X,H,Yes,Yes,B2,No,ezbflvxx@sample.com
54,1969-12-18,Sagittarius,Male,B,W,E,Yes,No,C4,No,hkpiquxc@sample.com
55,1969-12-17,Sagittarius,Other,A,W,H,Yes,No,B2,No,kjgaguwt@sample.com
56,1950-02-13,Aquarius,Female,B,Y,G,No,Yes,C2,Yes,cnjffccs@sample.com
57,1966-02-24,Pisces,Female,D,X,F,Yes,No,B2,Yes,breggsrf@sample.com
58,1956-12-27,Capricorn,Male,B,W,E,Yes,Yes,D3,No,qvcrxqxp@sample.com
59,1993-05-31,Gemini,Other,B,Y,G,No,Yes,B1,Yes,ipbimnuh@sample.com
60,1993-07-10,Cancer,Male,A,W,F,Yes,Yes,C2,No,bajiyeql@sample.com
61,1999-11-07,Scorpio,Female,A,W,G,No,No,B1,No,bntofnhe@sample.com
62,1947-08-09,Leo,Male,C,X,E,Yes,Yes,B1,No,gbokmzrq@sample.com
63,1960-09-16,Virgo,Male,B,Y,E,Yes,No,C2,No,jzndhpym@sample.com
64,1983-01-12,Capricorn,Female,C,Z,F,No,Yes,A1,Yes,najrsanh@sample.com
65,1952-02-13,Aquarius,Male,C,Y,G,Yes,Yes,C4,Yes,fduduzgo@sample.com
66,1960-01-02,Capricorn,Male,D,Y,E,No,Yes,D3,No,bpxczxuo@sample.com
67,1991-12-12,Sagittarius,Other,C,W,E,Yes,Yes,B2,No,qgctaqao@sample.com
68,1986-09-13,Virgo,Other,B,X,E,No,No,D3,Yes,hpiswzsp@sample.com
69,1990-09-26,Libra,Other,D,Y,F,Yes,Yes,B2,No,bkbwnheu@sample.com
70,1957-01-17,Capricorn,Female,C,Y,G,No,No,A1,Yes,nmpljdhd@sample.com
71,1983-08-06,Leo,Other,A,Z,E,Yes,Yes,C4,Yes,ydvzesmq@sample.com
72,1961-05-31,Gemini,Other,A,W,E,Yes,No,D3,No,skzsdqng@sample.com
73,1989-11-02,Scorpio,Female,A,X,G,No,No,A1,No,pstxgauv@sample.com
74,1991-07-22,Cancer,Male,D,Y,H,No,No,B2,Yes,vwwcxpgd@sample.com
75,1954-12-31,Capricorn,Male,A,W,H,Yes,No,B2,Yes,rnvxxdrj@sample.com
76,1969-09-05,Virgo,Female,C,Z,H,Yes,Yes,A1,Yes,pgwrjydm@sample.com
77,1993-12-08,Sagittarius,Male,D,Y,H,Yes,Yes,C4,No,hzabeoiw@sample.com
78,1981-12-21,Sagittarius,Other,B,Y,G,No,Yes,D3,No,tlawyzpa@sample.com
79,1967-10-11,Libra,Male,D,Y,G,Yes,Yes,C4,Yes,trdenojr@sample.com
80,1985-08-09,Leo,Other,D,Z,H,No,Yes,B2,No,ontptmaz@sample.com
81,2000-03-08,Pisces,Female,C,Z,G,No,No,C4,Yes,esbwvsnk@sample.com
82,1954-11-07,Scorpio,Female,B,Z,H,Yes,Yes,A1,No,hbizvnwt@sample.com
83,1956-04-22,Taurus,Female,A,Y,E,Yes,No,B2,No,xxanzpjn@sample.com
84,1945-07-16,Cancer,Male,D,X,G,Yes,Yes,B2,Yes,csnvtkea@sample.com
85,1946-09-04,Virgo,Female,C,X,G,Yes,Yes,D3,No,gimodnjx@sample.com
86,1983-05-04,Taurus,Other,B,W,F,No,No,D3,No,omrdkwwp@sample.com
87,1948-11-17,Scorpio,Male,C,W,F,No,Yes,A1,Yes,jbxhuwby@sample.com
88,1972-03-04,Pisces,Male,C,W,E,Yes,Yes,B2,Yes,ahhqmfbo@sample.com
89,1947-11-10,Scorpio,Female,A,Y,H,Yes,Yes,B1,Yes,uxdwiidc@sample.com
90,1961-07-03,Cancer,Male,C,Y,H,No,No,A1,No,ymknaoth@sample.com
91,1988-12-21,Sagittarius,Female,D,W,G,No,No,B2,Yes,lwsvifgb@sample.com
92,1973-01-25,Aquarius,Other,A,Y,H,No,No,A1,Yes,elkszunp@sample.com
93,1974-04-09,Aries,Female,A,Z,H,Yes,Yes,D3,No,vzkvaskx@sample.com
94,1971-04-28,Taurus,Male,C,Y,G,Yes,Yes,A1,No,espbekfh@sample.com
95,1985-04-29,Taurus,Other,A,W,F,No,Yes,B1,No,rblymvid@sample.com
96,1961-05-31,Gemini,Male,A,Z,E,No,No,C4,No,wukjvpvw@sample.com
97,1959-12-08,Sagittarius,Male,C,Y,H,No,No,C4,Yes,kjibfkez@sample.com
98,1985-02-13,Aquarius,Other,A,X,F,Yes,No,C2,No,hetwrhij@sample.com
99,1952-01-01,Capricorn,Male,C,Y,H,Yes,No,C2,No,iaypvgww@sample.com
100,2003-06-10,Gemini,Male,C,Z,F,Yes,No,C4,No,fwrvyqeh@sample.com
